<?xml version="1.0" encoding="UTF-8"?>
<GenRun Id="synth_1" LaunchPart="xc7a35tcpg236-1" LaunchTime="1674656975">
  <File Type="PA-TCL" Name="Graded_lab_1.tcl"/>
  <File Type="REPORTS-TCL" Name="Graded_lab_1_reports.tcl"/>
  <File Type="RDS-RDS" Name="Graded_lab_1.vds"/>
  <File Type="RDS-UTIL" Name="Graded_lab_1_utilization_synth.rpt"/>
  <File Type="RDS-UTIL-PB" Name="Graded_lab_1_utilization_synth.pb"/>
  <File Type="RDS-DCP" Name="Graded_lab_1.dcp"/>
  <FileSet Name="sources" Type="DesignSrcs" RelSrcDir="$PSRCDIR/sources_1">
    <Filter Type="Srcs"/>
    <File Path="$PSRCDIR/sources_1/new/Graded_lab_1.v">
      <FileInfo>
        <Attr Name="ImportPath" Val="$PPRDIR/../../../../Graded_lab_1.srcs/sources_1/new/Graded_lab_1.v"/>
        <Attr Name="ImportTime" Val="1674659126"/>
        <Attr Name="UsedIn" Val="synthesis"/>
        <Attr Name="UsedIn" Val="implementation"/>
        <Attr Name="UsedIn" Val="simulation"/>
      </FileInfo>
    </File>
    <Config>
      <Option Name="DesignMode" Val="RTL"/>
      <Option Name="TopModule" Val="Graded_lab_1"/>
      <Option Name="TopAutoSet" Val="TRUE"/>
    </Config>
  </FileSet>
  <FileSet Name="constrs_in" Type="Constrs" RelSrcDir="$PSRCDIR/constrs_1">
    <Filter Type="Constrs"/>
    <File Path="$PSRCDIR/constrs_1/imports/EE2026/Basys3_Master.xdc">
      <FileInfo>
        <Attr Name="ImportPath" Val="$PPRDIR/../../../../../Basys3_Master.xdc"/>
        <Attr Name="ImportTime" Val="1674654523"/>
        <Attr Name="UsedIn" Val="synthesis"/>
        <Attr Name="UsedIn" Val="implementation"/>
      </FileInfo>
    </File>
    <Config>
      <Option Name="ConstrsType" Val="XDC"/>
    </Config>
  </FileSet>
  <Strategy Version="1" Minor="2">
    <StratHandle Name="Vivado Synthesis Defaults" Flow="Vivado Synthesis 2018"/>
    <Step Id="synth_design"/>
  </Strategy>
</GenRun>
